{
  "target_definition": "target=1 when a spatial window has at least one future event within 30 days with magnitude >= 4.5",
  "ingest_batch_id": "ingest_664f33454b96aa51",
  "feature_set_version": "v1",
  "dataset_rows": 28175,
  "train_rows": 16905,
  "test_rows": 11270,
  "variants": {
    "current_baseline": {
      "accuracy": 0.9591836734693877,
      "precision": 0.0,
      "recall": 0.0,
      "f1": 0.0,
      "balanced_accuracy": 0.5,
      "confusion_matrix": {
        "tn": 10810,
        "fp": 0,
        "fn": 460,
        "tp": 0
      },
      "positive_prediction_rate": 0.0,
      "prevalence": 0.04081632653061224,
      "pr_auc": 0.11336076625932141,
      "threshold": 0.5
    },
    "balanced_baseline": {
      "accuracy": 0.9558118899733806,
      "precision": 0.21212121212121213,
      "recall": 0.030434782608695653,
      "f1": 0.053231939163498096,
      "balanced_accuracy": 0.5128122109158186,
      "confusion_matrix": {
        "tn": 10758,
        "fp": 52,
        "fn": 446,
        "tp": 14
      },
      "positive_prediction_rate": 0.0058562555456965395,
      "prevalence": 0.04081632653061224,
      "pr_auc": 0.1655957192808675,
      "threshold": 0.5
    },
    "always_negative": {
      "accuracy": 0.9591836734693877,
      "precision": 0.0,
      "recall": 0.0,
      "f1": 0.0,
      "balanced_accuracy": 0.5,
      "confusion_matrix": {
        "tn": 10810,
        "fp": 0,
        "fn": 460,
        "tp": 0
      },
      "positive_prediction_rate": 0.0,
      "prevalence": 0.04081632653061224,
      "pr_auc": null
    }
  }
}